<?xml version="1.0" encoding="utf-8"?>
<SonarProjectConfig xmlns:xsi="http://www.w3.org/2001/XMLSchema-instance" xmlns:xsd="http://www.w3.org/2001/XMLSchema" xmlns="http://www.sonarsource.com/msbuild/analyzer/2021/1">
  <AnalysisConfigPath>/Users/ruih/source/repos/PrbCartaoBeneficio/integracao/.sonarqube/conf/SonarQubeAnalysisConfig.xml</AnalysisConfigPath>
  <ProjectPath>/Users/ruih/source/repos/PrbCartaoBeneficio/integracao/src/operacoes.webapi/operacoes.webapi.csproj</ProjectPath>
  <FilesToAnalyzePath>/Users/ruih/source/repos/PrbCartaoBeneficio/integracao/.sonarqube/conf/2/FilesToAnalyze.txt</FilesToAnalyzePath>
  <OutPath>/Users/ruih/source/repos/PrbCartaoBeneficio/integracao/.sonarqube/out/2</OutPath>
  <ProjectType>Product</ProjectType>
  <TargetFramework>net6.0</TargetFramework>
</SonarProjectConfig>